{"fmus":{"{controller}":"file:///C:/Users/Hp/Downloads/Robotti/Robotti/FMUs/ClosedLoopController","{robot}":"file:///C:/Users/Hp/Downloads/Robotti/Robotti/FMUs/robotti2.fmu"},"connections":{"{controller}.Steering_control.speed":["{robot}.robotti_global.velocity"],"{controller}.Steering_control.delta_f":["{robot}.robotti_global.steering_angle"],"{robot}.robotti_global.x":["{controller}.Steering_control.pos_x"],"{robot}.robotti_global.y":["{controller}.Steering_control.pos_y"],"{robot}.robotti_global.theta":["{controller}.Steering_control.pos_theta"]},"parameters":{"{controller}.Steering_control.fname":"route_cleaned8.csv","{robot}.robotti_global.if_non":1,"{robot}.robotti_global.m_robot":1000,"{robot}.robotti_global.l_ext":1,"{robot}.robotti_global.T":0.9,"{robot}.robotti_global.L":1.52,"{robot}.robotti_global.lr_ratio":0.5,"{robot}.robotti_global.front_to_rear_ratio":0.4,"{robot}.robotti_global.cAlphaF":20000,"{robot}.robotti_global.mu":0.7},"liveGraphColumns":2,"liveGraphVisibleRowCount":2,"logVariables":{},"loggingOn":true,"overrideLogLevel":"INFO","algorithm":{"type":"fixed-step","size":0.1},"parallelSimulation":false,"stabalizationEnabled":false,"global_absolute_tolerance":0,"global_relative_tolerance":0.01,"simulationProgramDelay":false,"convergenceAttempts":5,"livestream":{"{robot}.robotti_global":["x","y","theta"],"{controller}.Steering_control":["delta_f","speed"]}}